Match,Teams,Result
2020/1/13 IG VS FPX,FunPlus Phoenix,1
2020/1/13 IG VS FPX,Invictus Gaming,2
2020/1/13 LNG VS LGD,LGD Gaming,1
2020/1/13 LNG VS LGD,LNG Esports,2
2020/1/14 ES VS RW,eStar,2
2020/1/14 ES VS RW,Rogue Warriors,0
2020/1/14 OMG VS JDG,JD Gaming,2
2020/1/14 OMG VS JDG,Oh My God,0
2020/1/15 IG VS DMO,Dominus Esports,0
2020/1/15 IG VS DMO,Invictus Gaming,2
2020/1/15 VG VS BLG,Bilibili Gaming,2
2020/1/15 VG VS BLG,Vici Gaming,1
2020/1/16 RW VS SN,Rogue Warriors,2
2020/1/16 RW VS SN,Suning,0
2020/1/16 V5 VS EDG,EDward Gaming,2
2020/1/16 V5 VS EDG,Victory Five,0
2020/1/17 FPX VS ES,eStar,2
2020/1/17 FPX VS ES,FunPlus Phoenix,1
2020/1/17 LNG VS TES,LNG Esports,0
2020/1/17 LNG VS TES,Top Esports,2
2020/1/18 BLG VS RNG,Bilibili Gaming,2
2020/1/18 BLG VS RNG,Royal Never Give Up,1
2020/1/18 JDG VS WE,JD Gaming,2
2020/1/18 JDG VS WE,Team WE,0
2020/1/19 EDG VS TES,EDward Gaming,1
2020/1/19 EDG VS TES,Top Esports,2
2020/1/19 VG VS DMO,Dominus Esports,1
2020/1/19 VG VS DMO,Vici Gaming,2
2020/10/10 FNC VS LGD,Fnatic,1
2020/10/10 FNC VS LGD,LGD Gaming,0
2020/10/10 FNC VS TSM,Fnatic,1
2020/10/10 FNC VS TSM,TSM,0
2020/10/10 GEN VS FNC,Fnatic,0
2020/10/10 GEN VS FNC,Gen.G,1
2020/10/10 LGD VS GEN,Gen.G,1
2020/10/10 LGD VS GEN,LGD Gaming,0
2020/10/10 LGD VS TSM,LGD Gaming,1
2020/10/10 LGD VS TSM,TSM,0
2020/10/10 TSM VS GEN,Gen.G,1
2020/10/10 TSM VS GEN,TSM,0
2020/10/11 DRX VS UOL,DRX,1
2020/10/11 DRX VS UOL,Unicorns Of Love.CIS,0
2020/10/11 FLT VS DRX,DRX,1
2020/10/11 FLT VS DRX,FlyQuest,0
2020/10/11 TES VS FLY,FlyQuest,1
2020/10/11 TES VS FLY,Top Esports,0
2020/10/11 UOL VS FLY,DRX,0
2020/10/11 UOL VS FLY,FlyQuest,1
2020/10/11 UOL VS FLY,Top Esports,1
2020/10/11 UOL VS FLY,Unicorns Of Love.CIS,0
2020/10/11 UOL VS TES,Top Esports,1
2020/10/11 UOL VS TES,Unicorns Of Love.CIS,0
2020/10/15 DWG VS DRX,DAMWON Gaming,3
2020/10/15 DWG VS DRX,DRX,0
2020/10/16 SN VS JDG,JD Gaming,1
2020/10/16 SN VS JDG,Suning,3
2020/10/17 TES VS FNC,Fnatic,2
2020/10/17 TES VS FNC,Top Esports,3
2020/10/18 GEN VS G2,G2 Esports,3
2020/10/18 GEN VS G2,Gen.G,0
2020/10/24 G2 VS DWG,DAMWON Gaming,3
2020/10/24 G2 VS DWG,G2 Esports,1
2020/10/25 TES VS SN,Suning,3
2020/10/25 TES VS SN,Top Esports,1
2020/10/3 DWG VS JDG,DAMWON Gaming,1
2020/10/3 DWG VS JDG,JD Gaming,0
2020/10/3 FLY VS TES,FlyQuest,0
2020/10/3 FLY VS TES,Top Esports,1
2020/10/3 GEN VS LGD,Gen.G,1
2020/10/3 GEN VS LGD,LGD Gaming,0
2020/10/3 RGE VS PSG,PSG Talon,0
2020/10/3 RGE VS PSG,Rogue,1
2020/10/3 TSM VS FNC,Fnatic,1
2020/10/3 TSM VS FNC,TSM,0
2020/10/3 UOL VS DRX,DRX,1
2020/10/3 UOL VS DRX,Unicorns Of Love.CIS,0
2020/10/31 DWG VS SN,DAMWON Gaming,3
2020/10/31 DWG VS SN,Suning,1
2020/10/4 G2 VS SN,G2 Esports,1
2020/10/4 G2 VS SN,Suning,0
2020/10/4 GEN VS TSM,Gen.G,1
2020/10/4 GEN VS TSM,TSM,0
2020/10/4 LGD VS FNC,Fnatic,0
2020/10/4 LGD VS FNC,LGD Gaming,1
2020/10/4 MCX VS TL,Machi Esports,1
2020/10/4 MCX VS TL,Team Liquid,0
2020/10/4 PSG VS JDG,JD Gaming,1
2020/10/4 PSG VS JDG,PSG Talon,0
2020/10/4 RGE VS DWG,DAMWON Gaming,1
2020/10/4 RGE VS DWG,Rogue,0
2020/10/5 DWG VS PSG,DAMWON Gaming,1
2020/10/5 DWG VS PSG,PSG Talon,0
2020/10/5 FLT VS UOL,FlyQuest,1
2020/10/5 FLT VS UOL,Unicorns Of Love.CIS,0
2020/10/5 JDG VS RGE,JD Gaming,1
2020/10/5 JDG VS RGE,Rogue,0
2020/10/5 MCX VS G2,G2 Esports,1
2020/10/5 MCX VS G2,Machi Esports,0
2020/10/5 TES VS DRX,DRX,0
2020/10/5 TES VS DRX,Top Esports,1
2020/10/5 TL VS SN,Suning,1
2020/10/5 TL VS SN,Team Liquid,0
2020/10/6 DRX VS FLY,DRX,1
2020/10/6 DRX VS FLY,FlyQuest,0
2020/10/6 FNC VS GEN,Fnatic,1
2020/10/6 FNC VS GEN,Gen.G,0
2020/10/6 G2 VS TL,G2 Esports,0
2020/10/6 G2 VS TL,Team Liquid,1
2020/10/6 SN VS MCX,Machi Esports,0
2020/10/6 SN VS MCX,Suning,1
2020/10/6 TES VS UOL,Top Esports,1
2020/10/6 TES VS UOL,Unicorns Of Love.CIS,0
2020/10/6 TSM VS LGD,LGD Gaming,1
2020/10/6 TSM VS LGD,TSM,0
2020/10/8 G2 VS MCX,G2 Esports,1
2020/10/8 G2 VS MCX,Machi Esports,0
2020/10/8 G2 VS SN,G2 Esports,0
2020/10/8 G2 VS SN,Suning,1
2020/10/8 MCX VS SN,Machi Esports,0
2020/10/8 MCX VS SN,Suning,1
2020/10/8 SN VS G2,G2 Esports,0
2020/10/8 SN VS G2,Suning,1
2020/10/8 SN VS TL,Suning,0
2020/10/8 SN VS TL,Team Liquid,1
2020/10/8 TL VS G2,G2 Esports,1
2020/10/8 TL VS G2,Team Liquid,0
2020/10/8 TL VS MCX,Machi Esports,0
2020/10/8 TL VS MCX,Team Liquid,1
2020/10/9 DWG VS RGE,DAMWON Gaming,1
2020/10/9 DWG VS RGE,Rogue,0
2020/10/9 JDG VS DWG,DAMWON Gaming,0
2020/10/9 JDG VS DWG,JD Gaming,1
2020/10/9 JDG VS PSG,JD Gaming,0
2020/10/9 JDG VS PSG,PSG Talon,1
2020/10/9 PSG VS DWG,DAMWON Gaming,1
2020/10/9 PSG VS DWG,PSG Talon,0
2020/10/9 PSG VS RGE,PSG Talon,1
2020/10/9 PSG VS RGE,Rogue,0
2020/10/9 RGE VS JDG,JD Gaming,1
2020/10/9 RGE VS JDG,Rogue,0
2020/2/12 AF VS SP,Afreeca Freecs,2
2020/2/12 AF VS SP,SeolHaeOne Prince,1
2020/2/12 GRF VS ASB,Griffin,2
2020/2/12 GRF VS ASB,SANDBOX Gaming,1
2020/2/13 DRX VS HLE,DRX,2
2020/2/13 DRX VS HLE,Hanwha Life Esports,0
2020/2/13 KT VS T1,KT Rolster,0
2020/2/13 KT VS T1,T1,2
2020/2/14 DWG VS GEN,DAMWON Gaming,0
2020/2/14 DWG VS GEN,Gen.G,2
2020/2/14 GRF VS SP,Griffin,2
2020/2/14 GRF VS SP,SeolHaeOne Prince,1
2020/2/15 AF VS DRX,Afreeca Freecs,1
2020/2/15 AF VS DRX,DRX,2
2020/2/15 HLE VS SB,Hanwha Life Esports,2
2020/2/15 HLE VS SB,SANDBOX Gaming,0
2020/2/16 DWG VS KT,DAMWON Gaming,2
2020/2/16 DWG VS KT,KT Rolster,0
2020/2/16 GEN VS HLE,Gen.G,0
2020/2/16 T1 VS GEN,Gen.G,1
2020/2/16 T1 VS GEN,T1,2
2020/2/19 DRX VS T1,DRX,1
2020/2/19 DRX VS T1,T1,2
2020/2/19 GEN VS HLE,Gen.G,2
2020/2/19 GEN VS HLE,Hanwha Life Esports,0
2020/2/20 GRF VS DWG,DAMWON Gaming,2
2020/2/20 GRF VS DWG,Griffin,1
2020/2/20 KT VS SP,KT Rolster,0
2020/2/20 KT VS SP,SeolHaeOne Prince,2
2020/2/21 DRX VS GEN,DRX,1
2020/2/21 DRX VS GEN,Gen.G,2
2020/2/21 SB VS AF,Afreeca Freecs,2
2020/2/21 SB VS AF,SANDBOX Gaming,1
2020/2/22 HLE VS GRF,Griffin,1
2020/2/22 HLE VS GRF,Hanwha Life Esports,2
2020/2/22 SP VS T1,SeolHaeOne Prince,0
2020/2/22 SP VS T1,T1,2
2020/2/23 AF VS KT,Afreeca Freecs,1
2020/2/23 AF VS KT,KT Rolster,2
2020/2/23 LSB VS DWG,DAMWON Gaming,0
2020/2/23 LSB VS DWG,SANDBOX Gaming,2
2020/2/26 KT VS LSB,KT Rolster,2
2020/2/26 KT VS LSB,SANDBOX Gaming,1
2020/2/26 T1 VS GRF,Griffin,0
2020/2/26 T1 VS GRF,T1,2
2020/2/27 GEN VS AF,Afreeca Freecs,1
2020/2/27 GEN VS AF,Gen.G,2
2020/2/27 HLE VS DWG,DAMWON Gaming,2
2020/2/27 HLE VS DWG,Hanwha Life Esports,1
2020/2/28 SP VS DRX,DRX,2
2020/2/28 SP VS DRX,SeolHaeOne Prince,0
2020/2/28 T1 VS LSB,SANDBOX Gaming,0
2020/2/28 T1 VS LSB,T1,2
2020/2/29 DWG VS AF,Afreeca Freecs,2
2020/2/29 DWG VS AF,DAMWON Gaming,1
2020/2/29 KT VS HLE,Hanwha Life Esports,0
2020/2/29 KT VS HLE,KT Rolster,2
2020/2/5 KT VS Gen.G,Gen.G,2
2020/2/5 KT VS Gen.G,KT Rolster,1
2020/2/5 T1 VS DWG,DAMWON Gaming,1
2020/2/5 T1 VS DWG,T1,2
2020/2/6 GRF VS AF,Afreeca Freecs,2
2020/2/6 GRF VS AF,Griffin,0
2020/2/6 SB VS SP,SANDBOX Gaming,2
2020/2/6 SB VS SP,SeolHaeOne Prince,0
2020/2/7 DRX VS KT,DRX,2
2020/2/7 DRX VS KT,KT Rolster,1
2020/2/7 HLE VS T1,Hanwha Life Esports,2
2020/2/7 HLE VS T1,T1,1
2020/2/8 GEN VS GRF,Gen.G,2
2020/2/8 GEN VS GRF,Griffin,0
2020/2/8 SP VS DWG,DAMWON Gaming,2
2020/2/8 SP VS DWG,SeolHaeOne Prince,0
2020/2/9 AF VS HLE,Afreeca Freecs,2
2020/2/9 AF VS HLE,Hanwha Life Esports,1
2020/2/9 SB VS DRX,DRX,2
2020/2/9 SB VS DRX,SANDBOX Gaming,1
2020/3/1 DRX VS GRF,DRX,2
2020/3/1 DRX VS GRF,Griffin,0
2020/3/1 GEN VS SP,Gen.G,2
2020/3/1 GEN VS SP,SeolHaeOne Prince,0
2020/3/10 DMO VS LGD,Dominus Esports,2
2020/3/10 DMO VS LGD,LGD Gaming,0
2020/3/10 SN VS ES,eStar,2
2020/3/10 SN VS ES,Suning,1
2020/3/11 IG VS VG,Invictus Gaming,2
2020/3/11 IG VS VG,Vici Gaming,0
2020/3/11 RNG VS OMG,Oh My God,1
2020/3/11 RNG VS OMG,Royal Never Give Up,2
2020/3/11 V5 VS WE,Team WE,2
2020/3/11 V5 VS WE,Victory Five,0
2020/3/12 BLG VS LNG,Bilibili Gaming,1
2020/3/12 BLG VS LNG,LNG Esports,2
2020/3/12 EDG VS SN,EDward Gaming,0
2020/3/12 EDG VS SN,Suning,2
2020/3/12 ES VS LGD,eStar,2
2020/3/12 ES VS LGD,LGD Gaming,0
2020/3/13 DMO VS FPX,Dominus Esports,0
2020/3/13 DMO VS FPX,FunPlus Phoenix,2
2020/3/13 OMG VS RW,Oh My God,2
2020/3/13 OMG VS RW,Rogue Warriors,0
2020/3/13 WE VS VG,Team WE,2
2020/3/13 WE VS VG,Vici Gaming,0
2020/3/14 BLG VS SN,Bilibili Gaming,0
2020/3/14 BLG VS SN,Suning,2
2020/3/14 ES VS ESG,EDward Gaming,2
2020/3/14 ES VS ESG,eStar,0
2020/3/14 V5 VS JDG,JD Gaming,2
2020/3/14 V5 VS JDG,Victory Five,0
2020/3/15 RNG VS WE,Royal Never Give Up,2
2020/3/15 RNG VS WE,Team WE,0
2020/3/15 RW VS IG,Invictus Gaming,2
2020/3/15 RW VS IG,Rogue Warriors,1
2020/3/15 TES VS LGD,LGD Gaming,2
2020/3/15 TES VS LGD,Top Esports,0
2020/3/16 BLG VS OMG,Bilibili Gaming,1
2020/3/16 BLG VS OMG,Oh My God,2
2020/3/16 ES VS V5,eStar,2
2020/3/16 ES VS V5,Victory Five,0
2020/3/16 VG VS JDG,JD Gaming,2
2020/3/16 VG VS JDG,Vici Gaming,1
2020/3/17 RW VS EDG,EDward Gaming,1
2020/3/17 RW VS EDG,Rogue Warriors,2
2020/3/17 WE VS FPX,FunPlus Phoenix,2
2020/3/17 WE VS FPX,Team WE,0
2020/3/18 JDG VS BLG,Bilibili Gaming,0
2020/3/18 JDG VS BLG,JD Gaming,2
2020/3/18 TES VS VG,Top Esports,2
2020/3/18 TES VS VG,Vici Gaming,1
2020/3/18 V5 VS LNG,LNG Esports,2
2020/3/18 V5 VS LNG,Victory Five,1
2020/3/19 FPX VS SN,FunPlus Phoenix,2
2020/3/19 FPX VS SN,Suning,0
2020/3/19 IG VS LGD,Invictus Gaming,2
2020/3/19 IG VS LGD,LGD Gaming,1
2020/3/19 WE VS DMO,Dominus Esports,0
2020/3/19 WE VS DMO,Team WE,2
2020/3/20 EDG VS JDG,EDward Gaming,2
2020/3/20 EDG VS JDG,JD Gaming,1
2020/3/20 LNG VS RW,LNG Esports,2
2020/3/20 LNG VS RW,Rogue Warriors,0
2020/3/20 RNG VS VG,Royal Never Give Up,0
2020/3/20 RNG VS VG,Vici Gaming,2
2020/3/21 BLG VS ES,Bilibili Gaming,1
2020/3/21 BLG VS ES,eStar,2
2020/3/21 IG VS TES,Invictus Gaming,2
2020/3/21 IG VS TES,Top Esports,0
2020/3/21 OMG VS DMO,Dominus Esports,0
2020/3/21 OMG VS DMO,Oh My God,2
2020/3/22 LGD VS SN,LGD Gaming,1
2020/3/22 LGD VS SN,Suning,2
2020/3/22 RNG VS FPX,FunPlus Phoenix,2
2020/3/22 RNG VS FPX,Royal Never Give Up,0
2020/3/22 RW VS V5,Rogue Warriors,2
2020/3/22 RW VS V5,Victory Five,0
2020/3/23 IG VS ES,eStar,2
2020/3/23 IG VS ES,Invictus Gaming,0
2020/3/23 TES VS DMO,Dominus Esports,0
2020/3/23 TES VS DMO,Top Esports,2
2020/3/23 VG VS EDG,EDward Gaming,2
2020/3/23 VG VS EDG,Vici Gaming,1
2020/3/24 SN VS LNG,LNG Esports,1
2020/3/24 SN VS LNG,Suning,2
2020/3/24 WE VS RW,Rogue Warriors,1
2020/3/24 WE VS RW,Team WE,2
2020/3/25 BLG VS FPX,Bilibili Gaming,1
2020/3/25 BLG VS FPX,FunPlus Phoenix,2
2020/3/25 GRF VS GEN,Gen.G,2
2020/3/25 GRF VS GEN,Griffin,0
2020/3/25 HLE VS DRX,DRX,1
2020/3/25 HLE VS DRX,Hanwha Life Esports,2
2020/3/25 KT VS DWG,DAMWON Gaming,1
2020/3/25 KT VS DWG,KT Rolster,2
2020/3/25 TES VS JDG,JD Gaming,0
2020/3/25 TES VS JDG,Top Esports,2
2020/3/25 V5 VS OMG,Oh My God,2
2020/3/25 V5 VS OMG,Victory Five,0
2020/3/26 AF VS LSB,Afreeca Freecs,0
2020/3/26 AF VS LSB,SANDBOX Gaming,2
2020/3/26 GEN VS DWG,DAMWON Gaming,0
2020/3/26 GEN VS DWG,Gen.G,2
2020/3/26 RW VS DMO,Dominus Esports,2
2020/3/26 RW VS DMO,Rogue Warriors,0
2020/3/26 T1 VS SP,SeolHaeOne Prince,0
2020/3/26 T1 VS SP,T1,2
2020/3/26 VG VS LGD,LGD Gaming,0
2020/3/26 VG VS LGD,Vici Gaming,2
2020/3/26 WE VS SN,Suning,1
2020/3/26 WE VS SN,Team WE,2
2020/3/27 GLE VS KT,Hanwha Life Esports,0
2020/3/27 GLE VS KT,KT Rolster,2
2020/3/27 LNG VS ES,eStar,2
2020/3/27 LNG VS ES,LNG Esports,1
2020/3/27 LSB VS GRF,Griffin,1
2020/3/27 LSB VS GRF,SANDBOX Gaming,2
2020/3/27 OMG VS FPX,FunPlus Phoenix,2
2020/3/27 OMG VS FPX,Oh My God,1
2020/3/27 RNG VS JDG,JD Gaming,0
2020/3/27 RNG VS JDG,Royal Never Give Up,2
2020/3/27 T1 VS DRX,DRX,0
2020/3/27 T1 VS DRX,T1,2
2020/3/28 AF VS GEN,Afreeca Freecs,0
2020/3/28 AF VS GEN,Gen.G,2
2020/3/28 BLG VS WE,Bilibili Gaming,2
2020/3/28 BLG VS WE,Team WE,1
2020/3/28 DWG VS SP,DAMWON Gaming,2
2020/3/28 DWG VS SP,SeolHaeOne Prince,0
2020/3/28 GRF VS DRX,DRX,2
2020/3/28 GRF VS DRX,Griffin,0
2020/3/28 IG VS SN,Invictus Gaming,2
2020/3/28 IG VS SN,Suning,0
2020/3/28 LGD VS V5,LGD Gaming,2
2020/3/28 LGD VS V5,Victory Five,0
2020/3/29 DMO VS ES,Dominus Esports,0
2020/3/29 DMO VS ES,eStar,2
2020/3/29 KT VS AF,Afreeca Freecs,1
2020/3/29 KT VS AF,KT Rolster,2
2020/3/29 OMG  VS TES,Oh My God,0
2020/3/29 OMG  VS TES,Top Esports,2
2020/3/29 RNG VS EDG,EDward Gaming,1
2020/3/29 RNG VS EDG,Royal Never Give Up,2
2020/3/29 SP VS LSB,SANDBOX Gaming,0
2020/3/29 SP VS LSB,SeolHaeOne Prince,2
2020/3/29 T1 VS HLE,Hanwha Life Esports,1
2020/3/29 T1 VS HLE,T1,2
2020/3/30 JDG VS SN,JD Gaming,2
2020/3/30 JDG VS SN,Suning,1
2020/3/30 V5 VS FPX,FunPlus Phoenix,2
2020/3/30 V5 VS FPX,Victory Five,0
2020/3/30 VG VS LNG,LNG Esports,1
2020/3/30 VG VS LNG,Vici Gaming,2
2020/3/31 IG VS OMG,Invictus Gaming,2
2020/3/31 IG VS OMG,Oh My God,0
2020/3/31 LGD VS EDG,EDward Gaming,2
2020/3/31 LGD VS EDG,LGD Gaming,1
2020/3/4 DWG VS DRX,DAMWON Gaming,0
2020/3/4 DWG VS DRX,DRX,2
2020/3/4 HLE VS SP,Hanwha Life Esports,0
2020/3/4 HLE VS SP,SeolHaeOne Prince,2
2020/3/5 AF VS T1,Afreeca Freecs,2
2020/3/5 AF VS T1,T1,1
2020/3/5 LSB VS GEN,Gen.G,2
2020/3/5 LSB VS GEN,SANDBOX Gaming,0
2020/3/6 GRF VS KT,Griffin,1
2020/3/6 GRF VS KT,KT Rolster,2
2020/3/9 FPX VS JDG,FunPlus Phoenix,2
2020/3/9 FPX VS JDG,JD Gaming,1
2020/3/9 LNG VS OMG,LNG Esports,1
2020/3/9 LNG VS OMG,Oh My God,2
2020/3/9 RNG VS TES,Royal Never Give Up,2
2020/3/9 RNG VS TES,Top Esports,0
2020/4/1 DMO VS LNG,Dominus Esports,2
2020/4/1 DMO VS LNG,LNG Esports,0
2020/4/1 DRX VS LSB,DRX,2
2020/4/1 DRX VS LSB,SANDBOX Gaming,1
2020/4/1 GEN VS T1,Gen.G,1
2020/4/1 GEN VS T1,T1,2
2020/4/1 KT VS GRF,Griffin,1
2020/4/1 KT VS GRF,KT Rolster,2
2020/4/1 V5 VS RNG,Royal Never Give Up,2
2020/4/1 V5 VS RNG,Victory Five,0
2020/4/1 VG VS ES,eStar,1
2020/4/1 VG VS ES,Vici Gaming,2
2020/4/10 DRX VS DWG,DAMWON Gaming,1
2020/4/10 DRX VS DWG,DRX,2
2020/4/10 FPX VS VG,FunPlus Phoenix,1
2020/4/10 FPX VS VG,Vici Gaming,2
2020/4/10 T1 VS KT,KT Rolster,2
2020/4/10 T1 VS KT,T1,0
2020/4/10 TES VS BLG,Bilibili Gaming,2
2020/4/10 TES VS BLG,Top Esports,0
2020/4/10 V5 VS DMO,Dominus Esports,2
2020/4/10 V5 VS DMO,Victory Five,0
2020/4/11 LSB VS KT,KT Rolster,2
2020/4/11 LSB VS KT,SANDBOX Gaming,0
2020/4/11 OMG VS GD,LGD Gaming,2
2020/4/11 OMG VS GD,Oh My God,0
2020/4/11 RNG VS RW,Rogue Warriors,2
2020/4/11 RNG VS RW,Royal Never Give Up,1
2020/4/11 SP VS HLE,Hanwha Life Esports,1
2020/4/11 SP VS HLE,SeolHaeOne Prince,2
2020/4/11 WE VS ES,eStar,2
2020/4/11 WE VS ES,Team WE,0
2020/4/12 DRX VS AF,Afreeca Freecs,1
2020/4/12 DRX VS AF,DRX,2
2020/4/12 EDG VS FPX,EDward Gaming,1
2020/4/12 EDG VS FPX,FunPlus Phoenix,2
2020/4/12 HLE VS GEN,Gen.G,1
2020/4/12 HLE VS GEN,Hanwha Life Esports,2
2020/4/12 IG VS BLG,Bilibili Gaming,1
2020/4/12 IG VS BLG,Invictus Gaming,2
2020/4/12 SN VS DMO,Dominus Esports,2
2020/4/12 SN VS DMO,Suning,1
2020/4/13 LNG VS RNG,LNG Esports,0
2020/4/13 LNG VS RNG,Royal Never Give Up,2
2020/4/13 OMG VS ES,eStar,2
2020/4/13 OMG VS ES,Oh My God,0
2020/4/13 TES VS V5,Top Esports,2
2020/4/13 TES VS V5,Victory Five,0
2020/4/14 JDG VS RW,JD Gaming,2
2020/4/14 JDG VS RW,Rogue Warriors,0
2020/4/14 LGD VS BLG,Bilibili Gaming,2
2020/4/14 LGD VS BLG,LGD Gaming,0
2020/4/14 VG VS SN,Suning,2
2020/4/14 VG VS SN,Vici Gaming,1
2020/4/15 DWG VS LSB,DAMWON Gaming,2
2020/4/15 DWG VS LSB,SANDBOX Gaming,1
2020/4/15 EDG VS OMG,EDward Gaming,2
2020/4/15 EDG VS OMG,Oh My God,0
2020/4/15 GEN VS KT,Gen.G,2
2020/4/15 GEN VS KT,KT Rolster,1
2020/4/15 IG VS WE,Invictus Gaming,2
2020/4/15 IG VS WE,Team WE,1
2020/4/15 RNG VS DMO,Dominus Esports,2
2020/4/15 RNG VS DMO,Royal Never Give Up,0
2020/4/15 T1 VS AF,Afreeca Freecs,0
2020/4/15 T1 VS AF,T1,2
2020/4/16 DRX VS SP,DRX,2
2020/4/16 DRX VS SP,SeolHaeOne Prince,1
2020/4/16 GRF VS HLE,Griffin,2
2020/4/16 GRF VS HLE,Hanwha Life Esports,0
2020/4/16 LGD VS FPX,FunPlus Phoenix,2
2020/4/16 LGD VS FPX,LGD Gaming,0
2020/4/16 TES VS ES,eStar,0
2020/4/16 TES VS ES,Top Esports,2
2020/4/16 V5 VS BLG,Bilibili Gaming,2
2020/4/16 V5 VS BLG,Victory Five,0
2020/4/17 DMO VS JDG,Dominus Esports,0
2020/4/17 DMO VS JDG,JD Gaming,2
2020/4/17 EDG VS IG,EDward Gaming,0
2020/4/17 EDG VS IG,Invictus Gaming,2
2020/4/17 LNG VS WE,LNG Esports,2
2020/4/17 LNG VS WE,Team WE,1
2020/4/18 FPX VS RW,FunPlus Phoenix,2
2020/4/18 FPX VS RW,Rogue Warriors,1
2020/4/18 KT VS DWG,DAMWON Gaming,2
2020/4/18 KT VS DWG,KT Rolster,1
2020/4/18 RNG VS SN,Royal Never Give Up,1
2020/4/18 RNG VS SN,Suning,2
2020/4/18 VG VS V5,Vici Gaming,2
2020/4/18 VG VS V5,Victory Five,0
2020/4/19 IG VS LNG,Invictus Gaming,2
2020/4/19 IG VS LNG,LNG Esports,1
2020/4/19 LGD VS JDG,JD Gaming,2
2020/4/19 LGD VS JDG,LGD Gaming,0
2020/4/19 WE VS EDG,EDward Gaming,1
2020/4/19 WE VS EDG,Team WE,2
2020/4/2 AF VS SP,Afreeca Freecs,0
2020/4/2 AF VS SP,SeolHaeOne Prince,2
2020/4/2 DWG VS HLE,DAMWON Gaming,2
2020/4/2 DWG VS HLE,Hanwha Life Esports,0
2020/4/2 KT VS DRX,DRX,2
2020/4/2 KT VS DRX,KT Rolster,0
2020/4/2 LGD VS WE,LGD Gaming,2
2020/4/2 LGD VS WE,Team WE,1
2020/4/2 RW VS BLG,Bilibili Gaming,0
2020/4/2 RW VS BLG,Rogue Warriors,2
2020/4/2 SN VS TES,Suning,1
2020/4/2 SN VS TES,Top Esports,2
2020/4/20 DRX VS DWG,DAMWON Gaming,2
2020/4/20 DRX VS DWG,DRX,3
2020/4/20 FPX VS TES,FunPlus Phoenix,0
2020/4/20 FPX VS TES,Top Esports,2
2020/4/20 RW VS LGD,LGD Gaming,1
2020/4/20 RW VS LGD,Rogue Warriors,2
2020/4/20 WE VS OMG,Oh My God,1
2020/4/20 WE VS OMG,Team WE,2
2020/4/22 T1 VS DRX,DRX,1
2020/4/22 T1 VS DRX,T1,3
2020/4/22 WE VS ES,eStar,1
2020/4/22 WE VS ES,Team WE,3
2020/4/23 EDG VS RNG,EDward Gaming,3
2020/4/23 EDG VS RNG,Royal Never Give Up,1
2020/4/24 TES VS WE,Team WE,1
2020/4/24 TES VS WE,Top Esports,3
2020/4/25 FPX VS EDG,EDward Gaming,1
2020/4/25 FPX VS EDG,FunPlus Phoenix,3
2020/4/25 T1 VS GEN,Gen.G,0
2020/4/25 T1 VS GEN,T1,3
2020/4/26 IG VS TES,Invictus Gaming,1
2020/4/26 IG VS TES,Top Esports,3
2020/4/27 JDG VS FPX,FunPlus Phoenix,0
2020/4/27 JDG VS FPX,JD Gaming,3
2020/4/28 GRF VS SRB,Griffin,1
2020/4/28 GRF VS SRB,Seorabeol Gaming,2
2020/4/28 LSB VS DYN,SANDBOX Gaming,0
2020/4/28 LSB VS DYN,Team Dynamics,2
2020/4/29 DYN VS SRB,Seorabeol Gaming,0
2020/4/29 DYN VS SRB,Team Dynamics,2
2020/4/29 FPX VS IG,FunPlus Phoenix,3
2020/4/29 FPX VS IG,Invictus Gaming,0
2020/4/29 LSB VS GRF,Griffin,0
2020/4/29 LSB VS GRF,SANDBOX Gaming,2
2020/4/3 AF VS DWG,Afreeca Freecs,0
2020/4/3 AF VS DWG,DAMWON Gaming,2
2020/4/3 DMO VS EDG,Dominus Esports,0
2020/4/3 DMO VS EDG,EDward Gaming,2
2020/4/3 GEN VS LSB,Gen.G,2
2020/4/3 GEN VS LSB,SANDBOX Gaming,0
2020/4/3 GRF VS T1,Griffin,1
2020/4/3 GRF VS T1,T1,2
2020/4/3 IG VS V5,Invictus Gaming,2
2020/4/3 IG VS V5,Victory Five,0
2020/4/3 RNG VS ES,eStar,0
2020/4/3 RNG VS ES,Royal Never Give Up,2
2020/4/30 LSB VS SRB,SANDBOX Gaming,3
2020/4/30 LSB VS SRB,Seorabeol Gaming,0
2020/4/4 GEN VS DRX,DRX,2
2020/4/4 GEN VS DRX,Gen.G,0
2020/4/4 LSB VS HLE,Hanwha Life Esports,1
2020/4/4 LSB VS HLE,SANDBOX Gaming,2
2020/4/4 SP VS KT,KT Rolster,1
2020/4/4 SP VS KT,SeolHaeOne Prince,2
2020/4/5 DWG VS T1,DAMWON Gaming,2
2020/4/5 DWG VS T1,T1,0
2020/4/5 EDG VS BLG,Bilibili Gaming,1
2020/4/5 EDG VS BLG,EDward Gaming,2
2020/4/5 HLE VS AF,Afreeca Freecs,0
2020/4/5 HLE VS AF,Hanwha Life Esports,2
2020/4/5 JDG VS LNG,JD Gaming,2
2020/4/5 JDG VS LNG,LNG Esports,0
2020/4/5 RNG VS IG,Invictus Gaming,2
2020/4/5 RNG VS IG,Royal Never Give Up,1
2020/4/5 SP VS GRF,Griffin,2
2020/4/5 SP VS GRF,SeolHaeOne Prince,1
2020/4/6 OMG VS VG,Oh My God,2
2020/4/6 OMG VS VG,Vici Gaming,1
2020/4/6 TES VS RW,Rogue Warriors,1
2020/4/6 TES VS RW,Top Esports,2
2020/4/6 V5 VS SN,Suning,2
2020/4/6 V5 VS SN,Victory Five,0
2020/4/7 BLG VS DMO,Bilibili Gaming,2
2020/4/7 BLG VS DMO,Dominus Esports,1
2020/4/7 ES VS JDG,eStar,0
2020/4/7 ES VS JDG,JD Gaming,2
2020/4/7 FPX VS LNG,FunPlus Phoenix,2
2020/4/7 FPX VS LNG,LNG Esports,0
2020/4/8 DWG VS GRF,DAMWON Gaming,0
2020/4/8 DWG VS GRF,Griffin,2
2020/4/8 OMG VS SN,Oh My God,2
2020/4/8 OMG VS SN,Suning,0
2020/4/8 RW VS VG,Rogue Warriors,2
2020/4/8 RW VS VG,Vici Gaming,1
2020/4/8 SP VS GEN,Gen.G,2
2020/4/8 SP VS GEN,SeolHaeOne Prince,1
2020/4/8 WE VS TES,Team WE,2
2020/4/8 WE VS TES,Top Esports,1
2020/4/9 AF VS GRF,Afreeca Freecs,2
2020/4/9 AF VS GRF,Griffin,0
2020/4/9 EDG VS LNG,EDward Gaming,2
2020/4/9 EDG VS LNG,LNG Esports,0
2020/4/9 JDG VS IG,Invictus Gaming,0
2020/4/9 JDG VS IG,JD Gaming,2
2020/4/9 LGD VS RNG,LGD Gaming,2
2020/4/9 LGD VS RNG,Royal Never Give Up,0
2020/4/9 LSB VS T1,SANDBOX Gaming,0
2020/4/9 LSB VS T1,T1,2
2020/5/2 JDG VS TES,JD Gaming,3
2020/5/2 JDG VS TES,Top Esports,2
2020/5/28 DWG VS FPX,DAMWON Gaming,0
2020/5/28 DWG VS FPX,FunPlus Phoenix,1
2020/5/28 FPX VS T1,FunPlus Phoenix,0
2020/5/28 FPX VS T1,T1,1
2020/5/28 T1 VS DWG,DAMWON Gaming,1
2020/5/28 T1 VS DWG,T1,0
2020/5/28 T1 VS TES,T1,0
2020/5/28 T1 VS TES,Top Esports,1
2020/5/28 TES VS DWG,DAMWON Gaming,0
2020/5/28 TES VS DWG,Top Esports,1
2020/5/28 TES VS FPX,FunPlus Phoenix,1
2020/5/28 TES VS FPX,Top Esports,0
2020/5/29 DRX VS GEN,DRX,2
2020/5/29 DRX VS GEN,Gen.G,0
2020/5/29 DRX VS JDG,DRX,0
2020/5/29 DRX VS JDG,JD Gaming,2
2020/5/29 GEN VS IG,Gen.G,2
2020/5/29 GEN VS IG,Invictus Gaming,0
2020/5/29 IG VS GEN,Gen.G,1
2020/5/29 IG VS GEN,Invictus Gaming,0
2020/5/29 JDG VS GEN,Gen.G,1
2020/5/29 JDG VS GEN,JD Gaming,0
2020/5/29 JDG VS IG,Invictus Gaming,0
2020/5/29 JDG VS IG,JD Gaming,2
2020/5/30 FPX VS JDG,FunPlus Phoenix,3
2020/5/30 FPX VS JDG,JD Gaming,1
2020/5/30 GEN VS TES,Gen.G,0
2020/5/30 GEN VS TES,Top Esports,3
2020/5/31 FPX VS TES,FunPlus Phoenix,1
2020/5/31 FPX VS TES,Top Esports,3
2020/6/10 SN VS JDG,JD Gaming,2
2020/6/10 SN VS JDG,Suning,0
2020/6/10 VG VS RNG,Royal Never Give Up,2
2020/6/10 VG VS RNG,Vici Gaming,0
2020/6/11 ES VS DMO,Dominus Esports,0
2020/6/11 ES VS DMO,eStar,2
2020/6/11 WE VS IG,Invictus Gaming,0
2020/6/11 WE VS IG,Team WE,2
2020/6/12 FPX VS BLG,Bilibili Gaming,0
2020/6/12 FPX VS BLG,FunPlus Phoenix,2
2020/6/12 RNG VS LNG,LNG Esports,2
2020/6/12 RNG VS LNG,Royal Never Give Up,0
2020/6/13 OMG VS EDG,EDward Gaming,2
2020/6/13 OMG VS EDG,Oh My God,0
2020/6/13 V5 VS LGD,LGD Gaming,2
2020/6/13 V5 VS LGD,Victory Five,1
2020/6/14 JD VS TES,JD Gaming,0
2020/6/14 JD VS TES,Top Esports,2
2020/6/14 SN VS IG,Invictus Gaming,2
2020/6/14 SN VS IG,Suning,0
2020/6/15 BLG VS ES,Bilibili Gaming,2
2020/6/15 BLG VS ES,eStar,1
2020/6/15 VG VS WE,Team WE,2
2020/6/15 VG VS WE,Vici Gaming,0
2020/6/16 LGD VS DMO,Dominus Esports,0
2020/6/16 LGD VS DMO,LGD Gaming,2
2020/6/16 TES VS OMG,Oh My God,1
2020/6/16 TES VS OMG,Top Esports,2
2020/6/17 DRX VS T1,DRX,2
2020/6/17 DRX VS T1,T1,1
2020/6/17 EDG VS SN,EDward Gaming,2
2020/6/17 EDG VS SN,Suning,1
2020/6/17 IG VS RW,Invictus Gaming,2
2020/6/17 IG VS RW,Rogue Warriors,0
2020/6/17 LSB VS AF,Afreeca Freecs,2
2020/6/17 LSB VS AF,SANDBOX Gaming,0
2020/6/18 HLE VS SP,Hanwha Life Esports,1
2020/6/18 HLE VS SP,SeolHaeOne Prince,2
2020/6/18 JD VS RNG,JD Gaming,1
2020/6/18 JD VS RNG,Royal Never Give Up,2
2020/6/18 KT VS DYN,KT Rolster,0
2020/6/18 KT VS DYN,Team Dynamics,2
2020/6/18 V5 VS BLG,Bilibili Gaming,1
2020/6/18 V5 VS BLG,Victory Five,2
2020/6/19 DWG VS LSB,DAMWON Gaming,2
2020/6/19 DWG VS LSB,SANDBOX Gaming,0
2020/6/19 ES VS LNG,eStar,2
2020/6/19 ES VS LNG,LNG Esports,0
2020/6/19 FPX VS WE,FunPlus Phoenix,2
2020/6/19 FPX VS WE,Team WE,1
2020/6/19 GEN VS DRX,DRX,2
2020/6/19 GEN VS DRX,Gen.G,1
2020/6/20 DMO VS OMG,Dominus Esports,0
2020/6/20 DMO VS OMG,Oh My God,2
2020/6/20 DYN VS AF,Afreeca Freecs,2
2020/6/20 DYN VS AF,Team Dynamics,1
2020/6/20 T1 VS HLE,Hanwha Life Esports,1
2020/6/20 T1 VS HLE,T1,2
2020/6/20 TES VS LGD,LGD Gaming,0
2020/6/20 TES VS LGD,Top Esports,2
2020/6/21 IG VS EDG,EDward Gaming,1
2020/6/21 IG VS EDG,Invictus Gaming,2
2020/6/21 KT VS GEN,Gen.G,2
2020/6/21 KT VS GEN,KT Rolster,1
2020/6/21 SN VS RW,Rogue Warriors,0
2020/6/21 SN VS RW,Suning,2
2020/6/21 SP VS DWG,DAMWON Gaming,2
2020/6/21 SP VS DWG,SeolHaeOne Prince,0
2020/6/22 ES VS RNG,eStar,1
2020/6/22 ES VS RNG,Royal Never Give Up,2
2020/6/22 V5 VS VG,Vici Gaming,0
2020/6/22 V5 VS VG,Victory Five,2
2020/6/23 JDG VS DMO,Dominus Esports,0
2020/6/23 JDG VS DMO,JD Gaming,2
2020/6/23 LGD VS IG,Invictus Gaming,1
2020/6/23 LGD VS IG,LGD Gaming,2
2020/6/24 DYN VS SP,SeolHaeOne Prince,1
2020/6/24 DYN VS SP,Team Dynamics,2
2020/6/24 HLW VS KT,Hanwha Life Esports,0
2020/6/24 HLW VS KT,KT Rolster,2
2020/6/24 LNG VS OMG,LNG Esports,0
2020/6/24 LNG VS OMG,Oh My God,2
2020/6/24 TES VS BLG,Bilibili Gaming,0
2020/6/24 TES VS BLG,Top Esports,2
2020/6/25 DRX VS LSB,DRX,2
2020/6/25 DRX VS LSB,SANDBOX Gaming,1
2020/6/25 FPX VS IG,FunPlus Phoenix,1
2020/6/25 FPX VS IG,Invictus Gaming,2
2020/6/25 GEN VS DWG,DAMWON Gaming,1
2020/6/25 GEN VS DWG,Gen.G,2
2020/6/25 RNG VS V5,Royal Never Give Up,0
2020/6/25 RNG VS V5,Victory Five,2
2020/6/26 AF VS T1,Afreeca Freecs,1
2020/6/26 AF VS T1,T1,2
2020/6/26 HLE VS DYN,Hanwha Life Esports,0
2020/6/26 HLE VS DYN,Team Dynamics,2
2020/6/26 RW VS WE,Rogue Warriors,0
2020/6/26 RW VS WE,Team WE,2
2020/6/26 TES VS EDG,EDward Gaming,1
2020/6/26 TES VS EDG,Top Esports,2
2020/6/27 DWG VS KT,DAMWON Gaming,2
2020/6/27 DWG VS KT,KT Rolster,0
2020/6/27 ES VS FPX,eStar,0
2020/6/27 ES VS FPX,FunPlus Phoenix,2
2020/6/27 SN VS DMO,Dominus Esports,1
2020/6/27 SN VS DMO,Suning,2
2020/6/27 SP VS GEN,Gen.G,2
2020/6/27 SP VS GEN,SeolHaeOne Prince,0
2020/6/28 AF VS  DRX,Afreeca Freecs,0
2020/6/28 AF VS  DRX,DRX,2
2020/6/28 LNG VS VG,LNG Esports,1
2020/6/28 LNG VS VG,Vici Gaming,2
2020/6/28 LSB VS T1,SANDBOX Gaming,0
2020/6/28 LSB VS T1,T1,2
2020/6/28 RW VS JDG,JD Gaming,2
2020/6/28 RW VS JDG,Rogue Warriors,1
2020/6/29 DMO VS EDG,Dominus Esports,2
2020/6/29 DMO VS EDG,EDward Gaming,0
2020/6/29 FPX VS V5,FunPlus Phoenix,2
2020/6/29 FPX VS V5,Victory Five,1
2020/6/30 LNG VS BLG,Bilibili Gaming,2
2020/6/30 LNG VS BLG,LNG Esports,0
2020/6/30 RNG VS WE,Royal Never Give Up,1
2020/6/30 RNG VS WE,Team WE,2
2020/6/5 EDG VS WE,EDward Gaming,1
2020/6/5 EDG VS WE,Team WE,2
2020/6/5 LNG VS SN,LNG Esports,0
2020/6/5 LNG VS SN,Suning,2
2020/6/6 OMG VS RNG,Oh My God,0
2020/6/6 OMG VS RNG,Royal Never Give Up,2
2020/6/6 V5 VS DMO,Dominus Esports,0
2020/6/6 V5 VS DMO,Victory Five,2
2020/6/7 VG VS BLG,Bilibili Gaming,0
2020/6/7 VG VS BLG,Vici Gaming,2
2020/6/7 WE VS SN,Suning,2
2020/6/7 WE VS SN,Team WE,1
2020/6/8 LGD VS ES,eStar,1
2020/6/8 LGD VS ES,LGD Gaming,2
2020/6/8 OMG VS V5,Oh My God,1
2020/6/8 OMG VS V5,Victory Five,2
2020/6/9 FPX VS LNG,FunPlus Phoenix,1
2020/6/9 FPX VS LNG,LNG Esports,2
2020/6/9 RW VS TES,Rogue Warriors,0
2020/6/9 RW VS TES,Top Esports,2
2020/7/1 DMO VS IG,Dominus Esports,1
2020/7/1 DMO VS IG,Invictus Gaming,2
2020/7/1 GEN VS LSB,Gen.G,2
2020/7/1 GEN VS LSB,SANDBOX Gaming,0
2020/7/1 SN VS LGD,LGD Gaming,0
2020/7/1 SN VS LGD,Suning,2
2020/7/1 T1 VS DWG,DAMWON Gaming,2
2020/7/1 T1 VS DWG,T1,0
2020/7/10 BLG VS OMG,Bilibili Gaming,2
2020/7/10 BLG VS OMG,Oh My God,1
2020/7/10 DYN VS GEN,Gen.G,2
2020/7/10 DYN VS GEN,Team Dynamics,0
2020/7/10 IG VS ES,eStar,1
2020/7/10 IG VS ES,Invictus Gaming,2
2020/7/10 LSB VS KT,KT Rolster,0
2020/7/10 LSB VS KT,SANDBOX Gaming,2
2020/7/11 AF VS SP,Afreeca Freecs,2
2020/7/11 AF VS SP,SeolHaeOne Prince,0
2020/7/11 DMO VS RW,Dominus Esports,1
2020/7/11 DMO VS RW,Rogue Warriors,2
2020/7/11 DRX VS DWG,DAMWON Gaming,1
2020/7/11 DRX VS DWG,DRX,2
2020/7/11 TES VS FPX,FunPlus Phoenix,0
2020/7/11 TES VS FPX,Top Esports,2
2020/7/12 EDG VS RNG,EDward Gaming,0
2020/7/12 EDG VS RNG,Royal Never Give Up,2
2020/7/12 GEN VS HLE,Gen.G,2
2020/7/12 GEN VS HLE,Hanwha Life Esports,0
2020/7/12 LGD VS OMG,LGD Gaming,2
2020/7/12 LGD VS OMG,Oh My God,1
2020/7/12 T1 VS DYN,T1,1
2020/7/12 T1 VS DYN,Team Dynamics,2
2020/7/13 SN VS BLG,Bilibili Gaming,1
2020/7/13 SN VS BLG,Suning,2
2020/7/13 TES VS V5,Top Esports,1
2020/7/13 TES VS V5,Victory Five,2
2020/7/14 LGD VS RW,LGD Gaming,0
2020/7/14 LGD VS RW,Rogue Warriors,2
2020/7/14 WE VS LNG,LNG Esports,1
2020/7/14 WE VS LNG,Team WE,2
2020/7/15 AF VS GEN,Afreeca Freecs,0
2020/7/15 AF VS GEN,Gen.G,2
2020/7/15 DWG VS DYN,DAMWON Gaming,2
2020/7/15 DWG VS DYN,Team Dynamics,0
2020/7/15 ES VS OMG,eStar,2
2020/7/15 ES VS OMG,Oh My God,1
2020/7/15 JDG VS VG,JD Gaming,2
2020/7/15 JDG VS VG,Vici Gaming,1
2020/7/16 KT VS T1,KT Rolster,0
2020/7/16 KT VS T1,T1,2
2020/7/16 LNG VS IG,Invictus Gaming,2
2020/7/16 LNG VS IG,LNG Esports,0
2020/7/16 SN VS RNG,Royal Never Give Up,1
2020/7/16 SN VS RNG,Suning,2
2020/7/16 SP VS LSB,SANDBOX Gaming,2
2020/7/16 SP VS LSB,SeolHaeOne Prince,1
2020/7/17 AF VS DWG,Afreeca Freecs,0
2020/7/17 AF VS DWG,DAMWON Gaming,2
2020/7/17 EDG VS LGD,EDward Gaming,0
2020/7/17 EDG VS LGD,LGD Gaming,2
2020/7/17 HLE VS DRX,DRX,2
2020/7/17 HLE VS DRX,Hanwha Life Esports,0
2020/7/17 RW VS FPX,FunPlus Phoenix,0
2020/7/17 RW VS FPX,Rogue Warriors,2
2020/7/18 BLG VS DMO,Bilibili Gaming,2
2020/7/18 BLG VS DMO,Dominus Esports,0
2020/7/18 IG VS RNG,Invictus Gaming,2
2020/7/18 IG VS RNG,Royal Never Give Up,1
2020/7/18 KT VS LSB,KT Rolster,2
2020/7/18 KT VS LSB,SANDBOX Gaming,0
2020/7/18 T1 VS GEN,Gen.G,2
2020/7/18 T1 VS GEN,T1,0
2020/7/19 DYN VS DRX,DRX,2
2020/7/19 DYN VS DRX,Team Dynamics,0
2020/7/19 JDG VS FPX,FunPlus Phoenix,0
2020/7/19 JDG VS FPX,JD Gaming,2
2020/7/19 SP VS HLE,Hanwha Life Esports,2
2020/7/19 SP VS HLE,SeolHaeOne Prince,1
2020/7/19 VG VS TES,Top Esports,2
2020/7/19 VG VS TES,Vici Gaming,0
2020/7/2 DRX VS DYN,DRX,2
2020/7/2 DRX VS DYN,Team Dynamics,0
2020/7/2 HLE VS AF,Afreeca Freecs,2
2020/7/2 HLE VS AF,Hanwha Life Esports,0
2020/7/2 OMG VS RW,Oh My God,2
2020/7/2 OMG VS RW,Rogue Warriors,1
2020/7/2 WE VS JDG,JD Gaming,2
2020/7/2 WE VS JDG,Team WE,1
2020/7/20 IG VS V5,Invictus Gaming,2
2020/7/20 IG VS V5,Victory Five,1
2020/7/20 WE VS LGD,LGD Gaming,2
2020/7/20 WE VS LGD,Team WE,0
2020/7/21 OMG VS FPX,FunPlus Phoenix,2
2020/7/21 OMG VS FPX,Oh My God,0
2020/7/21 VG VS EDG,EDward Gaming,2
2020/7/21 VG VS EDG,Vici Gaming,1
2020/7/22 RW VS ES,eStar,0
2020/7/22 RW VS ES,Rogue Warriors,2
2020/7/22 WE VS BLG,Bilibili Gaming,1
2020/7/22 WE VS BLG,Team WE,2
2020/7/23 GEN VS DYN,Gen.G,2
2020/7/23 GEN VS DYN,Team Dynamics,0
2020/7/23 KT VS DRX,DRX,2
2020/7/23 KT VS DRX,KT Rolster,1
2020/7/23 LNG VS JDG,JD Gaming,2
2020/7/23 LNG VS JDG,LNG Esports,1
2020/7/23 TES VS DMO,Dominus Esports,0
2020/7/23 TES VS DMO,Top Esports,2
2020/7/24 LSB VS DWG,DAMWON Gaming,2
2020/7/24 LSB VS DWG,SANDBOX Gaming,0
2020/7/24 RNG VS LGD,LGD Gaming,2
2020/7/24 RNG VS LGD,Royal Never Give Up,1
2020/7/24 SP VS AF,Afreeca Freecs,2
2020/7/24 SP VS AF,SeolHaeOne Prince,0
2020/7/24 V5 VS SN,Suning,2
2020/7/24 V5 VS SN,Victory Five,1
2020/7/25 DRX VS GEN,DRX,2
2020/7/25 DRX VS GEN,Gen.G,1
2020/7/25 EDG VS FPX,EDward Gaming,1
2020/7/25 EDG VS FPX,FunPlus Phoenix,2
2020/7/25 HLE VS T1,Hanwha Life Esports,1
2020/7/25 HLE VS T1,T1,2
2020/7/25 VG VS OMG,Oh My God,1
2020/7/25 VG VS OMG,Vici Gaming,2
2020/7/26 BLG VS JDG,Bilibili Gaming,0
2020/7/26 BLG VS JDG,JD Gaming,2
2020/7/26 DYN VS KT,KT Rolster,2
2020/7/26 DYN VS KT,Team Dynamics,1
2020/7/26 IG VS TES,Invictus Gaming,2
2020/7/26 IG VS TES,Top Esports,0
2020/7/26 LSB VS SP,SANDBOX Gaming,2
2020/7/26 LSB VS SP,SeolHaeOne Prince,0
2020/7/27 DMO VS VG,Dominus Esports,0
2020/7/27 DMO VS VG,Vici Gaming,2
2020/7/27 OMG VS SN,Oh My God,1
2020/7/27 OMG VS SN,Suning,2
2020/7/28 BLG VS RW,Bilibili Gaming,2
2020/7/28 BLG VS RW,Rogue Warriors,0
2020/7/28 EDG VS LNG,EDward Gaming,2
2020/7/28 EDG VS LNG,LNG Esports,0
2020/7/29 FPX VS LGD,FunPlus Phoenix,2
2020/7/29 FPX VS LGD,LGD Gaming,1
2020/7/29 JDG VS ES,eStar,0
2020/7/29 JDG VS ES,JD Gaming,2
2020/7/3 GEN VS T1,Gen.G,0
2020/7/3 GEN VS T1,T1,2
2020/7/3 KT VS SP,KT Rolster,2
2020/7/3 KT VS SP,SeolHaeOne Prince,0
2020/7/3 TES VS LNG,LNG Esports,0
2020/7/3 TES VS LNG,Top Esports,2
2020/7/3 VG VS ES,eStar,1
2020/7/3 VG VS ES,Vici Gaming,2
2020/7/30 AF VS HLE,Afreeca Freecs,2
2020/7/30 AF VS HLE,Hanwha Life Esports,0
2020/7/30 DWG VS DRX,DAMWON Gaming,2
2020/7/30 DWG VS DRX,DRX,0
2020/7/30 SN VS TES,Suning,0
2020/7/30 SN VS TES,Top Esports,2
2020/7/30 WE VS V5,Team WE,1
2020/7/30 WE VS V5,Victory Five,2
2020/7/31 LGD VS VG,LGD Gaming,2
2020/7/31 LGD VS VG,Vici Gaming,0
2020/7/31 LSB VS DYN,SANDBOX Gaming,2
2020/7/31 LSB VS DYN,Team Dynamics,1
2020/7/31 RNG VS DMO,Dominus Esports,0
2020/7/31 RNG VS DMO,Royal Never Give Up,2
2020/7/31 T1 VS KT,KT Rolster,0
2020/7/31 T1 VS KT,T1,2
2020/7/4 DWG VS HLE,DAMWON Gaming,2
2020/7/4 DWG VS HLE,Hanwha Life Esports,0
2020/7/4 DYN VS LSB,SANDBOX Gaming,2
2020/7/4 DYN VS LSB,Team Dynamics,1
2020/7/4 IG VS JDG,Invictus Gaming,0
2020/7/4 IG VS JDG,JD Gaming,2
2020/7/4 RW VS EDG,EDward Gaming,2
2020/7/4 RW VS EDG,Rogue Warriors,0
2020/7/5 ES VS V5,eStar,0
2020/7/5 ES VS V5,Victory Five,2
2020/7/5 KT VS AF,Afreeca Freecs,2
2020/7/5 KT VS AF,KT Rolster,0
2020/7/5 RNG VS FPX,FunPlus Phoenix,2
2020/7/5 RNG VS FPX,Royal Never Give Up,1
2020/7/5 SP VS DRX,DRX,2
2020/7/5 SP VS DRX,SeolHaeOne Prince,0
2020/7/6 JDG VS EDG,EDward Gaming,0
2020/7/6 JDG VS EDG,JD Gaming,2
2020/7/6 WE VS DMO,Dominus Esports,1
2020/7/6 WE VS DMO,Team WE,2
2020/7/7 SN VS ES,eStar,1
2020/7/7 SN VS ES,Suning,2
2020/7/7 VG VS RW,Rogue Warriors,1
2020/7/7 VG VS RW,Vici Gaming,2
2020/7/8 BLG VS IG,Bilibili Gaming,1
2020/7/8 BLG VS IG,Invictus Gaming,2
2020/7/8 DRX VS KT,DRX,1
2020/7/8 DRX VS KT,KT Rolster,2
2020/7/8 LNG VS V5,LNG Esports,0
2020/7/8 LNG VS V5,Victory Five,2
2020/7/8 LSB VS HLE,Hanwha Life Esports,0
2020/7/8 LSB VS HLE,SANDBOX Gaming,2
2020/7/9 DWG VS AF,Afreeca Freecs,0
2020/7/9 DWG VS AF,DAMWON Gaming,2
2020/7/9 LGD VS JDG ,JD Gaming,2
2020/7/9 LGD VS JDG ,LGD Gaming,1
2020/7/9 T1 VS SP,SeolHaeOne Prince,0
2020/7/9 T1 VS SP,T1,2
2020/7/9 VG VS FPX,FunPlus Phoenix,1
2020/7/9 VG VS FPX,Vici Gaming,2
2020/8/1 DRX VS AF,Afreeca Freecs,0
2020/8/1 DRX VS AF,DRX,2
2020/8/1 EDG VS BLG,Bilibili Gaming,0
2020/8/1 EDG VS BLG,EDward Gaming,2
2020/8/1 GEN VS SP,Gen.G,2
2020/8/1 GEN VS SP,SeolHaeOne Prince,0
2020/8/1 IG VS OMG,Invictus Gaming,2
2020/8/1 IG VS OMG,Oh My God,0
2020/8/1 RW VS LNG,LNG Esports,2
2020/8/1 RW VS LNG,Rogue Warriors,0
2020/8/13 LSB VS GEN,Gen.G,2
2020/8/13 LSB VS GEN,SANDBOX Gaming,1
2020/8/13 T1 VS AF,Afreeca Freecs,0
2020/8/13 T1 VS AF,T1,2
2020/8/13 V5 VS FPX,FunPlus Phoenix,1
2020/8/13 V5 VS FPX,Victory Five,3
2020/8/14 DRX VS HLE,DRX,2
2020/8/14 DRX VS HLE,Hanwha Life Esports,0
2020/8/14 LGD VS WE,LGD Gaming,3
2020/8/14 LGD VS WE,Team WE,1
2020/8/14 SP VS KT,KT Rolster,2
2020/8/14 SP VS KT,SeolHaeOne Prince,0
2020/8/15 AF VS LSB,Afreeca Freecs,2
2020/8/15 AF VS LSB,SANDBOX Gaming,1
2020/8/15 DYN VS DWG,DAMWON Gaming,2
2020/8/15 DYN VS DWG,Team Dynamics,0
2020/8/15 SN VS V5,Suning,3
2020/8/15 SN VS V5,Victory Five,1
2020/8/16 DRX VS SP,DRX,2
2020/8/16 DRX VS SP,SeolHaeOne Prince,1
2020/8/16 HEL VS GEN,Gen.G,2
2020/8/16 HEL VS GEN,Hanwha Life Esports,0
2020/8/16 IG VS LGD,Invictus Gaming,0
2020/8/16 IG VS LGD,LGD Gaming,3
2020/8/2 ES VS WE,eStar,0
2020/8/2 ES VS WE,Team WE,2
2020/8/2 HLE VS DWG,DAMWON Gaming,2
2020/8/2 HLE VS DWG,Hanwha Life Esports,0
2020/8/2 T1 VS LSB,SANDBOX Gaming,0
2020/8/2 T1 VS LSB,T1,2
2020/8/2 TES VS RNG,Royal Never Give Up,2
2020/8/2 TES VS RNG,Top Esports,0
2020/8/2 V5 VS JDG,JD Gaming,1
2020/8/2 V5 VS JDG,Victory Five,2
2020/8/20 AF VS KT,Afreeca Freecs,2
2020/8/20 AF VS KT,KT Rolster,1
2020/8/20 DWG VS T1,DAMWON Gaming,2
2020/8/20 DWG VS T1,T1,0
2020/8/21 HLE VS LSB,Hanwha Life Esports,0
2020/8/21 HLE VS LSB,SANDBOX Gaming,2
2020/8/21 SP VS DYN,SeolHaeOne Prince,0
2020/8/21 SP VS DYN,Team Dynamics,2
2020/8/22 GEN VS AF,Afreeca Freecs,0
2020/8/22 GEN VS AF,Gen.G,2
2020/8/22 KT VS DWG,DAMWON Gaming,2
2020/8/22 KT VS DWG,KT Rolster,0
2020/8/22 TES VS SN,Suning,0
2020/8/22 TES VS SN,Top Esports,3
2020/8/23 DYN VS HLE,Hanwha Life Esports,2
2020/8/23 DYN VS HLE,Team Dynamics,1
2020/8/23 JDG VS LGD,JD Gaming,3
2020/8/23 JDG VS LGD,LGD Gaming,1
2020/8/23 T1 VS DRX,DRX,1
2020/8/23 T1 VS DRX,T1,2
2020/8/25 LGD VS SN,LGD Gaming,0
2020/8/25 LGD VS SN,Suning,3
2020/8/26 T1 VS AF,Afreeca Freecs,2
2020/8/26 T1 VS AF,T1,1
2020/8/27 TES VS JDG,JD Gaming,2
2020/8/27 TES VS JDG,Top Esports,3
2020/8/28 GEN VS AF,Afreeca Freecs,0
2020/8/28 GEN VS AF,Gen.G,3
2020/8/28 SN VS LGD,LGD Gaming,0
2020/8/28 SN VS LGD,Suning,3
2020/8/29 FPX VS IG,FunPlus Phoenix,2
2020/8/29 FPX VS IG,Invictus Gaming,3
2020/8/3 BLG VS LGD,Bilibili Gaming,1
2020/8/3 BLG VS LGD,LGD Gaming,2
2020/8/3 FPX VS DMO,Dominus Esports,0
2020/8/3 FPX VS DMO,FunPlus Phoenix,2
2020/8/30 DRX VS GEN,DRX,1
2020/8/30 DRX VS GEN,Gen.G,2
2020/8/30 LGD VS IG,Invictus Gaming,1
2020/8/30 LGD VS IG,LGD Gaming,3
2020/8/4 EDG VS V5,EDward Gaming,2
2020/8/4 EDG VS V5,Victory Five,0
2020/8/4 OMG VS WE,Oh My God,2
2020/8/4 OMG VS WE,Team WE,1
2020/8/5 ES VS TES,eStar,1
2020/8/5 ES VS TES,Top Esports,2
2020/8/5 LNG VS LGD,LGD Gaming,0
2020/8/5 LNG VS LGD,LNG Esports,2
2020/8/6 BLG VS RNG,Bilibili Gaming,2
2020/8/6 BLG VS RNG,Royal Never Give Up,0
2020/8/6 DWG VS GEN,DAMWON Gaming,2
2020/8/6 DWG VS GEN,Gen.G,1
2020/8/6 SP VS T1,SeolHaeOne Prince,0
2020/8/6 SP VS T1,T1,2
2020/8/6 V5 VS RW,Rogue Warriors,0
2020/8/6 V5 VS RW,Victory Five,2
2020/8/7 AF VS DYN,Afreeca Freecs,2
2020/8/7 AF VS DYN,Team Dynamics,1
2020/8/7 JDG VS OMG,JD Gaming,2
2020/8/7 JDG VS OMG,Oh My God,0
2020/8/7 KT VS HLE,Hanwha Life Esports,1
2020/8/7 KT VS HLE,KT Rolster,2
2020/8/7 SN VS VG,Suning,2
2020/8/7 SN VS VG,Vici Gaming,1
2020/8/8 DWG VS SP,DAMWON Gaming,2
2020/8/8 DWG VS SP,SeolHaeOne Prince,0
2020/8/8 ES VS EDG,EDward Gaming,2
2020/8/8 ES VS EDG,eStar,0
2020/8/8 LNG VS DMO,Dominus Esports,0
2020/8/8 LNG VS DMO,LNG Esports,2
2020/8/8 LSB VS DRX,DRX,2
2020/8/8 LSB VS DRX,SANDBOX Gaming,0
2020/8/8 TES VS WE,Team WE,1
2020/8/8 TES VS WE,Top Esports,2
2020/8/9 DYN VS T1,T1,2
2020/8/9 DYN VS T1,Team Dynamics,0
2020/8/9 FPX VS SN,FunPlus Phoenix,1
2020/8/9 FPX VS SN,Suning,2
2020/8/9 GEN VS KT,Gen.G,2
2020/8/9 GEN VS KT,KT Rolster,1
2020/8/9 IG VS VG,Invictus Gaming,1
2020/8/9 IG VS VG,Vici Gaming,2
2020/8/9 RW VS RNG,Rogue Warriors,0
2020/8/9 RW VS RNG,Royal Never Give Up,2
2020/9/25 LGC VS INTZ,INTZ,0
2020/9/25 LGC VS INTZ,Legacy Esports,1
2020/9/25 LGD VS PSG,LGD Gaming,0
2020/9/25 LGD VS PSG,PSG Talon,1
2020/9/25 MAD VS INTZ,INTZ,0
2020/9/25 MAD VS INTZ,MAD Lions,1
2020/9/25 PSG VS R7,PSG Talon,1
2020/9/25 PSG VS R7,Rainbow7,0
2020/9/25 TL VS MAD,MAD Lions,0
2020/9/25 TL VS MAD,Team Liquid,1
2020/9/26 INTZ VS SUP,INTZ,0
2020/9/26 INTZ VS SUP,SuperMassive Esports,1
2020/9/26 LGD VS R7,LGD Gaming,0
2020/9/26 LGD VS R7,Rainbow7,1
2020/9/26 R7 VS V3,Rainbow7,0
2020/9/26 R7 VS V3,V3 Esports,1
2020/9/26 SUP VS MAD,MAD Lions,0
2020/9/26 SUP VS MAD,SuperMassive Esports,1
2020/9/26 TL VS LGC,Legacy Esports,0
2020/9/26 TL VS LGC,Team Liquid,1
2020/9/26 UOL VS PSG,PSG Talon,0
2020/9/26 UOL VS PSG,Unicorns Of Love.CIS,1
2020/9/26 V3 VS UOL,Unicorns Of Love.CIS,1
2020/9/26 V3 VS UOL,V3 Esports,0
2020/9/27 LGD VS V3,LGD Gaming,1
2020/9/27 LGD VS V3,V3 Esports,0
2020/9/27 PSG VS V3,PSG Talon,1
2020/9/27 PSG VS V3,V3 Esports,0
2020/9/27 R7 VS UOL,Rainbow7,1
2020/9/27 R7 VS UOL,Unicorns Of Love.CIS,0
2020/9/27 UOL VS LGD,LGD Gaming,0
2020/9/27 UOL VS LGD,Unicorns Of Love.CIS,1
2020/9/27 UOL VS PSG,PSG Talon,1
2020/9/27 UOL VS PSG,Unicorns Of Love.CIS,0
2020/9/27 V3 VS LGD,LGD Gaming,1
2020/9/27 V3 VS LGD,V3 Esports,0
2020/9/28 INTZ VS TL,INTZ,1
2020/9/28 INTZ VS TL,Team Liquid,0
2020/9/28 LGC VS SUP,Legacy Esports,1
2020/9/28 LGC VS SUP,SuperMassive Esports,0
2020/9/28 MAD VS INTZ,INTZ,0
2020/9/28 MAD VS INTZ,MAD Lions,1
2020/9/28 MAD VS LGC,Legacy Esports,1
2020/9/28 MAD VS LGC,MAD Lions,0
2020/9/28 SUP VS TL,SuperMassive Esports,0
2020/9/28 SUP VS TL,Team Liquid,1
2020/9/28 TL VS LGC,Legacy Esports,0
2020/9/28 TL VS LGC,Team Liquid,1
2020/9/29 R7 VS LGD,LGD Gaming,3
2020/9/29 R7 VS LGD,Rainbow7,0
2020/9/29 SUP VS MAD,MAD Lions,2
2020/9/29 SUP VS MAD,SuperMassive Esports,3
2020/9/30 LGC VS LGD,Legacy Esports,0
2020/9/30 LGC VS LGD,LGD Gaming,3
2020/9/30 UOL VS SUP,SuperMassive Esports,0
2020/9/30 UOL VS SUP,Unicorns Of Love.CIS,3
2020/9/5 DWG VS DRX,DAMWON Gaming,3
2020/9/5 DWG VS DRX,DRX,0
2020/9/7 AF VS KT,Afreeca Freecs,3
2020/9/7 AF VS KT,KT Rolster,0
2020/9/8 T1 VS AF,Afreeca Freecs,1
2020/9/8 T1 VS AF,T1,3
2020/9/9 GEN VS T1,Gen.G,3
2020/9/9 GEN VS T1,T1,0
2020/9/9 GEN VS T1,总计,1360
